PartnerID,PartnerName,CommittedUSD,DisbursedUSD,UndisbursedUSD,DisbursementRate
P001,USAID GHSC-PSM,5200000,4100000,1100000,0.7884615384615384
P002,Global Fund,4800000,3500000,1300000,0.7291666666666666
P003,UNICEF,2100000,1600000,500000,0.7619047619047619
P004,CHAI,1250000,1010000,240000,0.808
P005,JICA,1850000,910000,940000,0.4918918918918919
P006,World Bank,3300000,2500000,800000,0.7575757575757576
P007,Crown Agents,760000,760000,0,1
P008,PATH,940000,510000,430000,0.5425531914893617